<?xml version="1.0" encoding="UTF-8"?>
<configuration debug="false">
    <!--定义日志文件的存储地址 勿在 LogBack 的配置中使用相对路径-->
    <property name="LOG_HOME" value="/usr/local/server_log" />
    <!-- 控制台输出 -->
    <appender name="STDOUT" class="ch.qos.logback.core.ConsoleAppender">
        <encoder class="ch.qos.logback.classic.encoder.PatternLayoutEncoder">
            <!--格式化输出：%d表示日期，%thread表示线程名，%-5level：级别从左显示5个字符宽度%msg：日志消息，%n是换行符-->
            <pattern>%d{yyyy-MM-dd HH:mm:ss.SSS} [%thread] %-5level %logger{50} - %msg%n</pattern>
        </encoder>
    </appender>
    <!-- 按照每天生成日志文件 -->
    <appender name="FILE"  class="ch.qos.logback.core.rolling.RollingFileAppender">
    	 <File>${LOG_HOME}/picho_manage.log</File>      
        <!-- rollingPolicy:当发生滚动时，决定 RollingFileAppender 的行为，涉及文件移动和重命名。 -->  
        <!-- TimeBasedRollingPolicy： 最常用的滚动策略，它根据时间来制定滚动策略，既负责滚动也负责出发滚动 -->  
        <rollingPolicy class="ch.qos.logback.core.rolling.TimeBasedRollingPolicy">      
            <!-- 活动文件的名字会根据fileNamePattern的值，每隔一段时间改变一次 -->  
            <!-- 文件名：log/sys.2017-12-05.0.log -->  
            <fileNamePattern>${LOG_HOME}/picho_manage.%d.%i.log</fileNamePattern>   
            <!-- 每产生一个日志文件，该日志文件的保存期限为30天 -->   
            <maxHistory>15</maxHistory>     
            <timeBasedFileNamingAndTriggeringPolicy  class="ch.qos.logback.core.rolling.SizeAndTimeBasedFNATP">      
                <!-- maxFileSize:这是活动文件的大小，默认值是10MB,本篇设置为1KB，只是为了演示 -->    
                <maxFileSize>10MB</maxFileSize>      
            </timeBasedFileNamingAndTriggeringPolicy>      
        </rollingPolicy>      
        <encoder>      
            <!-- pattern节点，用来设置日志的输入格式 -->  
            <pattern>      
                %d %p (%file:%line\)- %m%n    
            </pattern>      
            <!-- 记录日志的编码 -->  
            <charset>UTF-8</charset> <!-- 此处设置字符集 -->     
        </encoder> 
    </appender>
    <!-- show parameters for hibernate sql 专为 Hibernate 定制 -->
    <logger name="org.hibernate.type.descriptor.sql.BasicBinder"  level="TRACE" />
    <logger name="org.hibernate.type.descriptor.sql.BasicExtractor"  level="DEBUG" />
    <logger name="org.hibernate.SQL" level="DEBUG" />
    <logger name="org.hibernate.engine.QueryParameters" level="DEBUG" />
    <logger name="org.hibernate.engine.query.HQLQueryPlan" level="DEBUG" />

    <!--myibatis log configure-->
    <logger name="com.apache.ibatis" level="TRACE"/>
    <logger name="java.sql.Connection" level="DEBUG"/>
    <logger name="java.sql.Statement" level="DEBUG"/>
    <logger name="java.sql.PreparedStatement" level="DEBUG"/>

    <!-- 日志输出级别 -->
    <root level="DEBUG">
        <appender-ref ref="STDOUT" />
        <appender-ref ref="FILE" />
    </root>
    <!--日志异步到数据库 -->
    <!--<appender name="DB" class="ch.qos.logback.classic.db.DBAppender">-->
        <!--&lt;!&ndash;日志异步到数据库 &ndash;&gt;-->
        <!--<connectionSource class="ch.qos.logback.core.db.DriverManagerConnectionSource">-->
            <!--&lt;!&ndash;连接池 &ndash;&gt;-->
            <!--<dataSource class="com.mchange.v2.c3p0.ComboPooledDataSource">-->
                <!--<driverClass>com.mysql.jdbc.Driver</driverClass>-->
                <!--<url>jdbc:mysql://127.0.0.1:3306/databaseName</url>-->
                <!--<user>root</user>-->
                <!--<password>root</password>-->
            <!--</dataSource>-->
        <!--</connectionSource>-->
    <!--</appender>-->
</configuration>